"Gene","Outcome","Group","Regulation","lfc","padj","Significant"
"MIP-1β","Survived","Pre-response","None",-0.799181030843235,0.992137066433587,FALSE
"IL-23","Survived","Pre-response","None",-0.778040149579768,0.992137066433587,FALSE
"RANTES","Survived","Pre-response","None",-0.765119916009169,0.992137066433587,FALSE
"MRP8/14","Survived","Pre-response","None",0.636923641433121,0.992137066433587,FALSE
"IL-10","Survived","Pre-response","None",-0.592252467105827,0.992137066433587,FALSE
"IL-12p40","Survived","Pre-response","None",-0.591736656319013,0.992137066433587,FALSE
"PAI-1","Survived","Pre-response","None",-0.53944993937743,0.992137066433587,FALSE
"IL-8","Survived","Pre-response","None",-0.527359458006739,0.992137066433587,FALSE
"IFN-γ","Survived","Pre-response","None",-0.511220381196631,0.992137066433587,FALSE
"Myoglobin","Survived","Pre-response","None",0.492222932250893,0.992137066433587,FALSE
"SAA","Survived","Pre-response","None",0.490749834552933,0.992137066433587,FALSE
"tPA","Survived","Pre-response","None",-0.475161672810671,0.992137066433587,FALSE
"Cystatin C","Survived","Pre-response","None",0.473143726947228,0.992137066433587,FALSE
"MCP-1","Survived","Pre-response","None",-0.462305140942384,0.992137066433587,FALSE
"IL-1β","Survived","Pre-response","None",-0.447797890135539,0.992137066433587,FALSE
"TNF-α","Survived","Pre-response","None",-0.398925179906607,0.992137066433587,FALSE
"GM-CSF","Survived","Pre-response","None",-0.346582372183477,0.992137066433587,FALSE
"ICAM-1","Survived","Pre-response","None",0.34321711518119,0.992137066433587,FALSE
"MIG","Survived","Pre-response","None",-0.2941539605836,0.992137066433587,FALSE
"MMP-2","Survived","Pre-response","None",0.279853016957869,0.992137066433587,FALSE
"OPN","Survived","Pre-response","None",0.277528140299227,0.992137066433587,FALSE
"Prothrombin","Survived","Pre-response","None",-0.277212946864896,0.992137066433587,FALSE
"MIP-1α","Survived","Pre-response","None",-0.270135036963905,0.992137066433587,FALSE
"IGFBP-4","Survived","Pre-response","None",0.224200782825973,0.992137066433587,FALSE
"Plasminogen","Survived","Pre-response","None",-0.19536193489688,0.992137066433587,FALSE
"IP-10","Survived","Pre-response","None",-0.177590384495694,0.992137066433587,FALSE
"NGAL","Survived","Pre-response","None",0.16134404983122,0.992137066433587,FALSE
"VCAM-1","Survived","Pre-response","None",0.150904761387611,0.992137066433587,FALSE
"Antithrombin","Survived","Pre-response","None",-0.131330137009662,0.992137066433587,FALSE
"sCD40L","Survived","Pre-response","None",-0.124994182099524,0.992137066433587,FALSE
"IFN-β","Survived","Pre-response","None",-0.119461325477755,0.992137066433587,FALSE
"IL-6","Survived","Pre-response","None",-0.114607872561424,0.992137066433587,FALSE
"Factor XIII","Survived","Pre-response","None",0.0960633455787523,0.992137066433587,FALSE
"I-TAC","Survived","Pre-response","None",-0.095561503121611,0.992137066433587,FALSE
"MPO","Survived","Pre-response","None",0.087181284517353,0.992137066433587,FALSE
"Eotaxin","Survived","Pre-response","None",-0.064453854291727,0.992137066433587,FALSE
"Fibrinogen","Survived","Pre-response","None",-0.0450152373908281,0.992137066433587,FALSE
"Tissue Factor","Survived","Pre-response","None",-0.0178193865954208,0.992137066433587,FALSE
"IL-17A","Survived","Pre-response","None",0.0161734038820183,0.992137066433587,FALSE
"MMP-9","Survived","Pre-response","None",0.00420507967763051,0.992137066433587,FALSE
"PSGL-1","Survived","Pre-response","None",-0.00197230524597991,0.992137066433587,FALSE
"RANTES","Survived","Early","None",0.872781311530794,0.999793809519705,FALSE
"I-TAC","Survived","Early","None",0.610260523236206,0.999793809519705,FALSE
"IL-12p40","Survived","Early","None",0.575308695031949,0.999793809519705,FALSE
"IFN-γ","Survived","Early","None",0.520355336253315,0.999793809519705,FALSE
"MIP-1β","Survived","Early","None",0.469430241142617,0.999793809519705,FALSE
"TNF-α","Survived","Early","None",0.451649050436195,0.999793809519705,FALSE
"IL-8","Survived","Early","None",-0.426091288420771,0.999793809519705,FALSE
"IL-1β","Survived","Early","None",0.405966902032988,0.999793809519705,FALSE
"MPO","Survived","Early","None",0.369533831620842,0.999793809519705,FALSE
"IL-10","Survived","Early","None",-0.359976905360448,0.999793809519705,FALSE
"VCAM-1","Survived","Early","None",0.353655365609965,0.999793809519705,FALSE
"ICAM-1","Survived","Early","None",0.319831274357387,0.999793809519705,FALSE
"IP-10","Survived","Early","None",0.314757312072843,0.999793809519705,FALSE
"MMP-2","Survived","Early","None",-0.294106406055899,0.999793809519705,FALSE
"IL-17A","Survived","Early","None",0.287925981306442,0.999793809519705,FALSE
"Eotaxin","Survived","Early","None",-0.253603900144272,0.999793809519705,FALSE
"MCP-1","Survived","Early","None",0.25351698232304,0.999793809519705,FALSE
"MIP-1α","Survived","Early","None",-0.23140971081494,0.999793809519705,FALSE
"Prothrombin","Survived","Early","None",-0.217014710807664,0.999793809519705,FALSE
"MRP8/14","Survived","Early","None",0.203038294832734,0.999793809519705,FALSE
"Plasminogen","Survived","Early","None",-0.188820305184162,0.999793809519705,FALSE
"IFN-β","Survived","Early","None",0.183612951568525,0.999793809519705,FALSE
"SAA","Survived","Early","None",0.179484343494961,0.999793809519705,FALSE
"IL-23","Survived","Early","None",0.17739283270973,0.999793809519705,FALSE
"GM-CSF","Survived","Early","None",-0.161368023379685,0.999793809519705,FALSE
"Myoglobin","Survived","Early","None",0.135790056863531,0.999793809519705,FALSE
"IL-6","Survived","Early","None",0.134498499991177,0.999793809519705,FALSE
"tPA","Survived","Early","None",0.133040247025571,0.999793809519705,FALSE
"PAI-1","Survived","Early","None",0.0880737016992263,0.999793809519705,FALSE
"Antithrombin","Survived","Early","None",-0.0846769227930899,0.999793809519705,FALSE
"MIG","Survived","Early","None",0.0810586894971461,0.999793809519705,FALSE
"Factor XIII","Survived","Early","None",-0.0804792985441551,0.999793809519705,FALSE
"OPN","Survived","Early","None",-0.0349651338333103,0.999793809519705,FALSE
"Tissue Factor","Survived","Early","None",0.0178193865954182,0.999793809519705,FALSE
"Fibrinogen","Survived","Early","None",-0.0129344485517997,0.999793809519705,FALSE
"MMP-9","Survived","Early","None",0.00692828802917411,0.999793809519705,FALSE
"IGFBP-4","Survived","Early","None",0.00608666610950692,0.999793809519705,FALSE
"Cystatin C","Survived","Early","None",-0.00502042276869652,0.999793809519705,FALSE
"NGAL","Survived","Early","None",0.00379921396673666,0.999793809519705,FALSE
"PSGL-1","Survived","Early","None",0.00197230524598346,0.999793809519705,FALSE
"sCD40L","Survived","Early","None",0.000169032573893446,0.999793809519705,FALSE
"IP-10","Survived","Middle","Up",2.85734380517061,0.00783622999413765,TRUE
"I-TAC","Survived","Middle","Up",2.72470752503727,0.00783622999413765,TRUE
"tPA","Survived","Middle","None",2.37477194403425,0.0528290996927167,FALSE
"MCP-1","Survived","Middle","None",1.67046956624179,0.0528290996927167,FALSE
"MPO","Survived","Middle","None",1.4317464568968,0.0657477996344066,FALSE
"RANTES","Survived","Middle","None",1.29226517775338,0.562961796304837,FALSE
"MRP8/14","Survived","Middle","None",1.19772516509683,0.345054750000538,FALSE
"VCAM-1","Survived","Middle","None",1.12147639690251,0.0765001661112528,FALSE
"IL-8","Survived","Middle","Down",-1.11371800745903,0.037058911480235,TRUE
"MIG","Survived","Middle","None",0.888208014067519,0.562961796304837,FALSE
"IL-6","Survived","Middle","None",0.887639923741729,0.633990833124743,FALSE
"Myoglobin","Survived","Middle","None",0.878125794216395,0.562961796304837,FALSE
"MIP-1β","Survived","Middle","None",0.823085999940597,0.46888549691517,FALSE
"ICAM-1","Survived","Middle","None",0.660984945400724,0.272023040097001,FALSE
"MIP-1α","Survived","Middle","None",-0.6507199107354,0.0528290996927167,FALSE
"IL-10","Survived","Middle","None",-0.624969893455232,0.361594853343407,FALSE
"IL-12p40","Survived","Middle","None",0.596546338694938,0.722781914062026,FALSE
"Eotaxin","Survived","Middle","None",0.589606478206333,0.680534865123404,FALSE
"GM-CSF","Survived","Middle","None",0.576586961711425,0.704399035190613,FALSE
"Prothrombin","Survived","Middle","None",-0.576057754828796,0.46888549691517,FALSE
"Cystatin C","Survived","Middle","None",0.534648218651636,0.562961796304837,FALSE
"PAI-1","Survived","Middle","None",0.531185845149871,0.633990833124743,FALSE
"Plasminogen","Survived","Middle","None",-0.520375576981564,0.345054750000538,FALSE
"sCD40L","Survived","Middle","None",-0.515357087128528,0.680534865123404,FALSE
"IGFBP-4","Survived","Middle","None",0.49500074159668,0.704399035190613,FALSE
"IFN-γ","Survived","Middle","None",0.488981617260489,0.722781914062026,FALSE
"Antithrombin","Survived","Middle","None",-0.483591334803922,0.272023040097001,FALSE
"SAA","Survived","Middle","None",0.435172225768255,0.680534865123404,FALSE
"IFN-β","Survived","Middle","None",0.383528338776504,0.680534865123404,FALSE
"OPN","Survived","Middle","None",0.27743695665349,0.606744413081783,FALSE
"IL-17A","Survived","Middle","None",-0.252907749715816,0.799609975812829,FALSE
"MMP-2","Survived","Middle","None",0.203768123636937,0.804065708775466,FALSE
"TNF-α","Survived","Middle","None",0.173544008334276,0.969608761310373,FALSE
"MMP-9","Survived","Middle","None",0.162465538312283,0.848342684089315,FALSE
"IL-1β","Survived","Middle","None",0.157678478008557,0.969608761310373,FALSE
"Factor XIII","Survived","Middle","None",-0.11462888651003,0.799609975812829,FALSE
"IL-23","Survived","Middle","None",-0.0959119743924539,0.975385260935146,FALSE
"Fibrinogen","Survived","Middle","None",-0.0450152373908281,0.975385260935146,FALSE
"NGAL","Survived","Middle","None",0.0185295167036728,0.975385260935146,FALSE
"Tissue Factor","Survived","Middle","None",-0.0178193865954217,0.975385260935146,FALSE
"PSGL-1","Survived","Middle","None",-0.00197230524597991,0.991781020272137,FALSE
"I-TAC","Survived","Late","Up",4.46477409549761,4.20434115882749e-09,TRUE
"tPA","Survived","Late","Up",4.2694978878382,5.77640410406852e-07,TRUE
"MRP8/14","Survived","Late","Up",4.24373748697343,5.70926359057549e-09,TRUE
"IP-10","Survived","Late","Up",4.23450218322649,8.26088160728054e-09,TRUE
"GM-CSF","Survived","Late","Up",3.60433626077058,2.93579062211933e-06,TRUE
"MIG","Survived","Late","Up",3.27016616942274,5.31261902453387e-06,TRUE
"MCP-1","Survived","Late","Up",2.91512538735975,6.81217264655594e-07,TRUE
"TNF-α","Survived","Late","Up",2.83843069410505,0.00129939627454136,TRUE
"Eotaxin","Survived","Late","Up",2.8052355451019,2.61883455273437e-05,TRUE
"IFN-γ","Survived","Late","Up",2.57927786558789,0.0004844915293585,TRUE
"IL-12p40","Survived","Late","Up",2.50837793959501,0.00463204838941126,TRUE
"IL-1β","Survived","Late","Up",1.89362086756505,0.0111758165834766,TRUE
"RANTES","Survived","Late","None",1.87530259798078,0.0891920801866896,FALSE
"MIP-1β","Survived","Late","Up",1.76658763306677,0.0019104136025683,TRUE
"PAI-1","Survived","Late","Up",1.75007611357061,0.000912642741086718,TRUE
"IL-23","Survived","Late","Up",1.72404887659224,0.04607217619599,TRUE
"IL-6","Survived","Late","None",1.54500461210187,0.086558657852441,FALSE
"IL-8","Survived","Late","Down",-1.03965159417078,0.00241995481605748,TRUE
"IL-17A","Survived","Late","None",0.960212159401155,0.0468111140081498,FALSE
"Myoglobin","Survived","Late","None",0.927568090813246,0.235368855755364,FALSE
"IFN-β","Survived","Late","None",0.916043604718628,0.04607217619599,FALSE
"Prothrombin","Survived","Late","None",-0.796033951455179,0.04607217619599,FALSE
"Antithrombin","Survived","Late","None",-0.69733309554038,0.00355075965544527,FALSE
"MIP-1α","Survived","Late","None",-0.663306389625772,0.00314012584514568,FALSE
"SAA","Survived","Late","None",-0.527920709777726,0.318344322884218,FALSE
"sCD40L","Survived","Late","None",0.514720003703157,0.452713208993886,FALSE
"MMP-2","Survived","Late","None",-0.430168860711891,0.344865036796729,FALSE
"Tissue Factor","Survived","Late","None",0.426853941697277,0.12661489532157,FALSE
"Plasminogen","Survived","Late","None",-0.420256624563219,0.170080266814601,FALSE
"IGFBP-4","Survived","Late","None",0.416600199824119,0.538651524531608,FALSE
"IL-10","Survived","Late","None",0.348183064603271,0.390594417113181,FALSE
"MPO","Survived","Late","None",0.325036442801172,0.538651524531608,FALSE
"MMP-9","Survived","Late","None",0.28775614506414,0.516139188050708,FALSE
"Factor XIII","Survived","Late","None",-0.258618028624589,0.277701940940447,FALSE
"NGAL","Survived","Late","None",-0.206813354954898,0.516139188050708,FALSE
"VCAM-1","Survived","Late","None",0.188182203001075,0.664211569290088,FALSE
"OPN","Survived","Late","None",0.155374869433917,0.538651524531608,FALSE
"Cystatin C","Survived","Late","None",-0.153231641084693,0.703921904317749,FALSE
"PSGL-1","Survived","Late","None",-0.11037877588026,0.538651524531608,FALSE
"ICAM-1","Survived","Late","None",0.0573326078666128,0.866944984585165,FALSE
"Fibrinogen","Survived","Late","None",0.0316957208300188,0.911975980811655,FALSE
"MRP8/14","Survived","Recovered","Up",2.21912037368111,0.02918927645698,TRUE
"tPA","Survived","Recovered","None",2.13947264490313,0.126970038856411,FALSE
"I-TAC","Survived","Recovered","None",1.57019917276958,0.233883485487348,FALSE
"IFN-γ","Survived","Recovered","None",1.39778339744467,0.41901544438262,FALSE
"RANTES","Survived","Recovered","None",1.38052668750424,0.539006809048529,FALSE
"TNF-α","Survived","Recovered","None",1.33306979552488,0.526602456386319,FALSE
"IL-1β","Survived","Recovered","None",1.27309971768277,0.491006309006142,FALSE
"MIG","Survived","Recovered","None",1.17785096708696,0.491006309006142,FALSE
"IP-10","Survived","Recovered","None",1.13082668597663,0.491006309006142,FALSE
"IL-23","Survived","Recovered","None",1.09450888434847,0.539006809048529,FALSE
"GM-CSF","Survived","Recovered","None",0.969623485488128,0.539006809048529,FALSE
"IL-12p40","Survived","Recovered","None",0.956752339974439,0.604412707863551,FALSE
"Eotaxin","Survived","Recovered","None",0.802263317244571,0.546050382310794,FALSE
"PAI-1","Survived","Recovered","None",0.718138733405222,0.539006809048529,FALSE
"IL-6","Survived","Recovered","None",0.650573332090859,0.695899324942959,FALSE
"IGFBP-4","Survived","Recovered","None",-0.556632867929679,0.652385225464982,FALSE
"IFN-β","Survived","Recovered","None",0.539775594815375,0.546050382310794,FALSE
"MIP-1β","Survived","Recovered","None",0.47623296911376,0.652385225464982,FALSE
"MCP-1","Survived","Recovered","None",0.435504644742378,0.695899324942959,FALSE
"Fibrinogen","Survived","Recovered","None",-0.434465380972341,0.539006809048529,FALSE
"Cystatin C","Survived","Recovered","None",0.401313768574408,0.631636832705715,FALSE
"IL-10","Survived","Recovered","None",0.371348181135604,0.631636832705715,FALSE
"ICAM-1","Survived","Recovered","None",0.360089073769183,0.604412707863551,FALSE
"sCD40L","Survived","Recovered","None",0.336009416659881,0.748194420997826,FALSE
"MMP-2","Survived","Recovered","None",0.266432191983522,0.748194420997826,FALSE
"IL-17A","Survived","Recovered","None",0.243454432432946,0.748194420997826,FALSE
"OPN","Survived","Recovered","None",0.223563378184986,0.652385225464982,FALSE
"Antithrombin","Survived","Recovered","None",-0.220519119013197,0.652385225464982,FALSE
"Prothrombin","Survived","Recovered","None",-0.201217202673753,0.748194420997826,FALSE
"Plasminogen","Survived","Recovered","None",-0.149101616854761,0.748194420997826,FALSE
"NGAL","Survived","Recovered","None",-0.132124283396745,0.771943543881939,FALSE
"Factor XIII","Survived","Recovered","None",-0.12653236372029,0.748194420997826,FALSE
"VCAM-1","Survived","Recovered","None",0.123175272078015,0.83805844130673,FALSE
"Tissue Factor","Survived","Recovered","None",0.116853108085891,0.773801684184187,FALSE
"MMP-9","Survived","Recovered","None",-0.116805337628925,0.83805844130673,FALSE
"PSGL-1","Survived","Recovered","None",-0.10651502683015,0.748194420997826,FALSE
"MPO","Survived","Recovered","None",0.102411025537837,0.898740093655139,FALSE
"MIP-1α","Survived","Recovered","None",-0.0881864740870704,0.787701152066287,FALSE
"Myoglobin","Survived","Recovered","None",-0.0560847286273827,0.934018537336992,FALSE
"SAA","Survived","Recovered","None",-0.0517989607938087,0.934018537336992,FALSE
"IL-8","Survived","Recovered","None",-0.0294817671475869,0.934018537336992,FALSE
"RANTES","Succumbed","Pre-response","None",1.71361674334888,0.652721908190292,FALSE
"TNF-α","Succumbed","Pre-response","None",-1.04734484153308,0.652721908190292,FALSE
"sCD40L","Succumbed","Pre-response","None",1.0287926466645,0.652721908190292,FALSE
"IFN-β","Succumbed","Pre-response","None",-0.945206379884209,0.652721908190292,FALSE
"IL-12p40","Succumbed","Pre-response","None",-0.901689790488683,0.652721908190292,FALSE
"IL-1β","Succumbed","Pre-response","None",-0.861289897768445,0.652721908190292,FALSE
"MRP8/14","Succumbed","Pre-response","None",0.847014249325074,0.652721908190292,FALSE
"IP-10","Succumbed","Pre-response","None",-0.775108971868565,0.652721908190292,FALSE
"IGFBP-4","Succumbed","Pre-response","None",0.774432987058532,0.652721908190292,FALSE
"IFN-γ","Succumbed","Pre-response","None",-0.751396772177116,0.652721908190292,FALSE
"GM-CSF","Succumbed","Pre-response","None",-0.715339803816083,0.652721908190292,FALSE
"SAA","Succumbed","Pre-response","None",0.675906094271525,0.652721908190292,FALSE
"IL-17A","Succumbed","Pre-response","None",-0.648254432072773,0.652721908190292,FALSE
"MMP-2","Succumbed","Pre-response","None",0.621429475999424,0.652721908190292,FALSE
"Cystatin C","Succumbed","Pre-response","None",0.511552427179883,0.652721908190292,FALSE
"Myoglobin","Succumbed","Pre-response","None",0.455121267507607,0.940103203361842,FALSE
"IL-10","Succumbed","Pre-response","None",-0.397258766391127,0.652721908190292,FALSE
"ICAM-1","Succumbed","Pre-response","None",0.341456907292899,0.652721908190292,FALSE
"IL-23","Succumbed","Pre-response","None",-0.334783702313416,0.994529310838135,FALSE
"Prothrombin","Succumbed","Pre-response","None",-0.282558442342982,0.89036175588825,FALSE
"NGAL","Succumbed","Pre-response","None",0.272379942968374,0.652721908190292,FALSE
"I-TAC","Succumbed","Pre-response","None",-0.226710136238648,0.994529310838135,FALSE
"tPA","Succumbed","Pre-response","None",-0.198976991344782,0.994529310838135,FALSE
"PAI-1","Succumbed","Pre-response","None",0.182031558055851,0.994529310838135,FALSE
"OPN","Succumbed","Pre-response","None",0.169170537707128,0.911255169271148,FALSE
"MIP-1β","Succumbed","Pre-response","None",-0.151874786559342,0.994529310838135,FALSE
"IL-8","Succumbed","Pre-response","None",-0.141048630434428,0.994529310838135,FALSE
"MIP-1α","Succumbed","Pre-response","None",-0.121517199943845,0.994529310838135,FALSE
"IL-6","Succumbed","Pre-response","None",0.0826509889307552,0.994529310838135,FALSE
"Factor XIII","Succumbed","Pre-response","None",-0.0775821446148406,0.994529310838135,FALSE
"MIG","Succumbed","Pre-response","None",-0.0743708597612089,0.994529310838135,FALSE
"MCP-1","Succumbed","Pre-response","None",0.0522161950576319,0.994529310838135,FALSE
"MPO","Succumbed","Pre-response","None",0.050112707308875,0.994529310838135,FALSE
"Plasminogen","Succumbed","Pre-response","None",0.041521256037818,0.994529310838135,FALSE
"VCAM-1","Succumbed","Pre-response","None",0.0386483284027932,0.994529310838135,FALSE
"Antithrombin","Succumbed","Pre-response","None",-0.0364502260019393,0.994529310838135,FALSE
"MMP-9","Succumbed","Pre-response","None",0.0208216661824459,0.994529310838135,FALSE
"Fibrinogen","Succumbed","Pre-response","None",-0.0200635127382434,0.994529310838135,FALSE
"Eotaxin","Succumbed","Pre-response","None",-0.0194668801289888,0.994529310838135,FALSE
"Tissue Factor","Succumbed","Pre-response","None",0.00989965921967872,0.994529310838135,FALSE
"PSGL-1","Succumbed","Pre-response","None",0.00109572513665768,0.994529310838135,FALSE
"RANTES","Succumbed","Early","None",1.162497147162,0.997487940940071,FALSE
"IL-12p40","Succumbed","Early","None",-0.892782492345643,0.997487940940071,FALSE
"IFN-β","Succumbed","Early","None",-0.815188764408591,0.997487940940071,FALSE
"TNF-α","Succumbed","Early","None",-0.776726129587335,0.997487940940071,FALSE
"GM-CSF","Succumbed","Early","None",-0.68531197017599,0.997487940940071,FALSE
"sCD40L","Succumbed","Early","None",-0.664471482763563,0.997487940940071,FALSE
"IFN-γ","Succumbed","Early","None",-0.649935195133096,0.997487940940071,FALSE
"tPA","Succumbed","Early","None",-0.633266854987951,0.997487940940071,FALSE
"Myoglobin","Succumbed","Early","None",0.569077930166422,0.997487940940071,FALSE
"IL-1β","Succumbed","Early","None",-0.541162143409542,0.997487940940071,FALSE
"IL-10","Succumbed","Early","None",-0.512743609826216,0.997487940940071,FALSE
"I-TAC","Succumbed","Early","None",0.403963499761478,0.997487940940071,FALSE
"IL-17A","Succumbed","Early","None",-0.39199540479872,0.997487940940071,FALSE
"MCP-1","Succumbed","Early","None",0.28586874273941,0.997487940940071,FALSE
"Prothrombin","Succumbed","Early","None",-0.27178715202297,0.997487940940071,FALSE
"IGFBP-4","Succumbed","Early","None",0.23004543252592,0.997487940940071,FALSE
"IL-8","Succumbed","Early","None",-0.226753593631335,0.997487940940071,FALSE
"MIP-1α","Succumbed","Early","None",-0.215204889754499,0.997487940940071,FALSE
"MPO","Succumbed","Early","None",0.174642914657168,0.997487940940071,FALSE
"ICAM-1","Succumbed","Early","None",0.172556673528662,0.997487940940071,FALSE
"MMP-2","Succumbed","Early","None",-0.16563993578648,0.997487940940071,FALSE
"Plasminogen","Succumbed","Early","None",-0.147204487845933,0.997487940940071,FALSE
"IL-6","Succumbed","Early","None",0.143259840701781,0.997487940940071,FALSE
"MIP-1β","Succumbed","Early","None",0.127146877119475,0.997487940940071,FALSE
"IL-23","Succumbed","Early","None",-0.12237862530413,0.997487940940071,FALSE
"Antithrombin","Succumbed","Early","None",-0.109478539601934,0.997487940940071,FALSE
"VCAM-1","Succumbed","Early","None",0.107763669465719,0.997487940940071,FALSE
"SAA","Succumbed","Early","None",0.0980307588586768,0.997487940940071,FALSE
"MIG","Succumbed","Early","None",0.0918773425380062,0.997487940940071,FALSE
"Factor XIII","Succumbed","Early","None",-0.0762106000484124,0.997487940940071,FALSE
"IP-10","Succumbed","Early","None",0.0718624430736092,0.997487940940071,FALSE
"Cystatin C","Succumbed","Early","None",-0.0260823280522224,0.997487940940071,FALSE
"MMP-9","Succumbed","Early","None",0.0258005178905201,0.997487940940071,FALSE
"Tissue Factor","Succumbed","Early","None",0.0222742332442758,0.997487940940071,FALSE
"Eotaxin","Succumbed","Early","None",-0.0130152186515327,0.997487940940071,FALSE
"PAI-1","Succumbed","Early","None",-0.00967420999798563,0.997487940940071,FALSE
"Fibrinogen","Succumbed","Early","None",-0.00892434994690916,0.997487940940071,FALSE
"OPN","Succumbed","Early","None",-0.00580360512466704,0.997487940940071,FALSE
"NGAL","Succumbed","Early","None",0.00474901745842793,0.997487940940071,FALSE
"PSGL-1","Succumbed","Early","None",0.002465381557478,0.997487940940071,FALSE
"MRP8/14","Succumbed","Early","None",-0.00197129361421489,0.997487940940071,FALSE
"tPA","Succumbed","Middle","Up",2.57782068340043,0.00229766837036095,TRUE
"IP-10","Succumbed","Middle","Up",2.53958844578843,0.000466573719421583,TRUE
"I-TAC","Succumbed","Middle","Up",2.29943220049512,0.00148003820387566,TRUE
"MCP-1","Succumbed","Middle","Up",2.27182952861554,0.000180557795387856,TRUE
"MRP8/14","Succumbed","Middle","Up",1.87787122930705,0.00886488663221905,TRUE
"IGFBP-4","Succumbed","Middle","Up",1.59557451215521,0.022676304415668,TRUE
"MPO","Succumbed","Middle","Up",1.22764873068217,0.0250017967633834,TRUE
"IL-6","Succumbed","Middle","None",1.10453561284518,0.297941391673388,FALSE
"MIP-1β","Succumbed","Middle","None",0.959678666727584,0.124557935353214,FALSE
"MIG","Succumbed","Middle","None",0.879365086077295,0.297941391673388,FALSE
"IFN-γ","Succumbed","Middle","None",0.845798481521415,0.320577672430859,FALSE
"VCAM-1","Succumbed","Middle","None",0.761228729442033,0.106191989427576,FALSE
"IL-8","Succumbed","Middle","None",-0.74225049930609,0.0407165758068713,FALSE
"GM-CSF","Succumbed","Middle","None",0.692079136730863,0.469395448668616,FALSE
"sCD40L","Succumbed","Middle","None",-0.679824456389458,0.349029890367178,FALSE
"PAI-1","Succumbed","Middle","None",0.66166868375732,0.297941391673388,FALSE
"IL-23","Succumbed","Middle","None",0.614089674374057,0.56944316710346,FALSE
"Prothrombin","Succumbed","Middle","None",-0.600562053918267,0.178084477797217,FALSE
"MIP-1α","Succumbed","Middle","None",-0.572794586275533,0.0157548545155727,FALSE
"Eotaxin","Succumbed","Middle","None",0.552597717347067,0.50352909358582,FALSE
"RANTES","Succumbed","Middle","None",0.551419827188292,0.645453768783041,FALSE
"IL-1β","Succumbed","Middle","None",0.499422243296231,0.583292266452643,FALSE
"OPN","Succumbed","Middle","None",0.481996697702066,0.0807252026814054,FALSE
"IL-12p40","Succumbed","Middle","None",-0.451689942865308,0.645453768783041,FALSE
"Antithrombin","Succumbed","Middle","None",-0.442859977809558,0.0962730965429991,FALSE
"Myoglobin","Succumbed","Middle","None",0.440643005875092,0.620505750718513,FALSE
"Plasminogen","Succumbed","Middle","None",-0.420972434795924,0.219145500624017,FALSE
"ICAM-1","Succumbed","Middle","None",0.405005698227544,0.306771069705027,FALSE
"IFN-β","Succumbed","Middle","None",-0.400116472562448,0.475872474830366,FALSE
"SAA","Succumbed","Middle","None",0.332769306817671,0.583292266452643,FALSE
"IL-17A","Succumbed","Middle","None",-0.273242605945297,0.620505750718513,FALSE
"Fibrinogen","Succumbed","Middle","None",0.239154665298337,0.56944316710346,FALSE
"Cystatin C","Succumbed","Middle","None",0.23717736588941,0.620505750718513,FALSE
"Factor XIII","Succumbed","Middle","None",-0.21418189133141,0.438577699104956,FALSE
"MMP-9","Succumbed","Middle","None",0.140696225682278,0.782842417515822,FALSE
"MMP-2","Succumbed","Middle","None",0.12355340013627,0.817904651918377,FALSE
"PSGL-1","Succumbed","Middle","None",-0.0220385430738332,0.976284275019056,FALSE
"Tissue Factor","Succumbed","Middle","None",0.014563978274766,0.995079288868914,FALSE
"IL-10","Succumbed","Middle","None",0.0102784292360454,0.995079288868914,FALSE
"NGAL","Succumbed","Middle","None",0.0044659440122814,0.995079288868914,FALSE
"TNF-α","Succumbed","Middle","None",-0.0043925263325546,0.995079288868914,FALSE
"IP-10","Succumbed","Late","Up",5.9935224651809,2.18732480456643e-17,TRUE
"I-TAC","Succumbed","Late","Up",5.49972071693499,1.10538787889536e-15,TRUE
"tPA","Succumbed","Late","Up",5.38534757871067,2.41048528962625e-12,TRUE
"MRP8/14","Succumbed","Late","Up",5.22825656790155,3.47001547357693e-15,TRUE
"MCP-1","Succumbed","Late","Up",5.05420278587711,8.547996764732e-18,TRUE
"MIG","Succumbed","Late","Up",5.01743968459557,9.89377330465751e-14,TRUE
"IL-6","Succumbed","Late","Up",3.87117768631488,4.25476667772449e-07,TRUE
"IGFBP-4","Succumbed","Late","Up",3.05789156664112,1.6682255092749e-07,TRUE
"MIP-1β","Succumbed","Late","Up",3.04316240694013,2.34806953257885e-09,TRUE
"GM-CSF","Succumbed","Late","Up",2.88423636058479,9.20665798632185e-06,TRUE
"Eotaxin","Succumbed","Late","Up",2.69083031814771,2.76821493005878e-06,TRUE
"PAI-1","Succumbed","Late","Up",2.63892856648725,1.36443719919044e-08,TRUE
"MPO","Succumbed","Late","Up",2.36261168057792,2.72114243970039e-07,TRUE
"TNF-α","Succumbed","Late","Up",2.1796733586817,0.00299553360254822,TRUE
"IFN-γ","Succumbed","Late","Up",2.14131006872658,0.000559032005938476,TRUE
"Myoglobin","Succumbed","Late","Up",1.72238409766895,0.00478915036725947,TRUE
"VCAM-1","Succumbed","Late","Up",1.63773954511984,9.00032673056595e-06,TRUE
"IL-1β","Succumbed","Late","Up",1.6032903319764,0.00945308209400113,TRUE
"MMP-9","Succumbed","Late","Up",1.50908240148369,1.20235818660885e-05,TRUE
"IL-23","Succumbed","Late","Up",1.42269034911978,0.0386699703976524,TRUE
"MMP-2","Succumbed","Late","Up",1.21401916406215,0.000660088842109472,TRUE
"Cystatin C","Succumbed","Late","Up",1.14064477995375,0.00101051327439826,TRUE
"RANTES","Succumbed","Late","None",1.07902356549716,0.201042601465031,FALSE
"SAA","Succumbed","Late","None",0.954312353563157,0.0178448873592779,FALSE
"IL-17A","Succumbed","Late","None",0.928978203546248,0.0185165130322206,FALSE
"sCD40L","Succumbed","Late","None",0.908416280605579,0.0680109727950894,FALSE
"IL-12p40","Succumbed","Late","None",0.8947643854876,0.201042601465031,FALSE
"Tissue Factor","Succumbed","Late","None",0.88835184492038,0.000117154261191368,FALSE
"ICAM-1","Succumbed","Late","None",0.887417899330691,0.00172560406380398,FALSE
"Prothrombin","Succumbed","Late","None",-0.877683984184962,0.00654100049334044,FALSE
"NGAL","Succumbed","Late","None",0.678570936703752,0.00478915036725947,FALSE
"IL-8","Succumbed","Late","None",-0.657071768963322,0.0190321534028996,FALSE
"Antithrombin","Succumbed","Late","None",-0.65513267431993,0.00124203201004978,FALSE
"IFN-β","Succumbed","Late","None",0.644421292342058,0.0731017711996986,FALSE
"OPN","Succumbed","Late","None",0.581578705858822,0.00511458024447446,FALSE
"Plasminogen","Succumbed","Late","None",-0.517124543724677,0.0300895708999479,FALSE
"Fibrinogen","Succumbed","Late","None",0.467046030700615,0.0731017711996986,FALSE
"Factor XIII","Succumbed","Late","None",0.41409387802862,0.0215137777153007,FALSE
"IL-10","Succumbed","Late","None",0.409542834633585,0.165727134000103,FALSE
"MIP-1α","Succumbed","Late","None",-0.365102430863707,0.0443266135906695,FALSE
"PSGL-1","Succumbed","Late","None",0.110737481066048,0.426102811608365,FALSE
